{
    "Aegean-sea": [
        38.5853888564289,
        25.564763646019834
    ],
    "Aegina": [
        37.733981191191496,
        23.491823960765977
    ],
    "Aivali": [
        39.3374405113661,
        26.71068596969497
    ],
    "Amorgos": [
        36.85473066390222,
        25.91687794376989
    ],
    "Andros": [
        37.8542888035967,
        24.88001003014634
    ],
    "Arachova": [
        38.508770731432534,
        22.554367331977346
    ],
    "Arcadia": [
        37.521613336357674,
        22.372682419794433
    ],
    "Arta": [
        39.16897594931634,
        20.982720956750025
    ],
    "Asia-minor": [
        38.5231944247523,
        26.521702731335296
    ],
    "Bulgaria": [
        42.296181529758,
        25.259792108321818
    ],
    "Cappadocia": [
        38.33834045423469,
        35.10715710326277
    ],
    "Central-Greece": [
        38.87601135662379,
        22.319114372276747
    ],
    "Cephalonia": [
        38.249056889576,
        20.581307503238346
    ],
    "Chios": [
        38.42426026626016,
        26.058525334235867
    ],
    "Corfu": [
        39.65199074735927,
        19.832436424805493
    ],
    "Crete": [
        35.19124573828352,
        25.024171535651924
    ],
    "Cyprus": [
        35.10009399380982,
        33.3973245270655
    ],
    "Deropolis": [
        39.957412525980494,
        20.265997047721275
    ],
    "Drama": [
        41.15488878161416,
        24.11247329011346
    ],
    "East-Crete": [
        35.116887239871645,
        25.91051495301359
    ],
    "Egypt": [
        31.20460962212675,
        30.20573320844952
    ],
    "Epirus": [
        39.66608483034404,
        20.826263473906028
    ],
    "Euboea": [
        38.50843106661583,
        24.003613925733106
    ],
    "Folegandros": [
        36.61960272637237,
        24.924059292312506
    ],
    "Grevena": [
        40.08538883719564,
        21.41961215567693
    ],
    "Halki": [
        36.230046698760496,
        27.583485630492554
    ],
    "Halkidiki": [
        40.092861562796394,
        23.894207474730937
    ],
    "Himara": [
        40.108490501738515,
        19.755814238711917
    ],
    "Icaria": [
        37.600502446388,
        26.159290600739173
    ],
    "Ionian-sea": [
        38.43167066526269,
        20.675489887943545
    ],
    "Kalavryta": [
        38.02253753321499,
        22.117596423290088
    ],
    "Kalymnos": [
        36.987573229226555,
        26.988755984703815
    ],
    "Karpathos": [
        35.54990626918364,
        27.175670139622905
    ],
    "Kasos": [
        35.3962719867034,
        26.92186922290313
    ],
    "Kastoria": [
        40.52369027923905,
        21.26043571986026
    ],
    "Kea": [
        37.62129704977236,
        24.33272421352251
    ],
    "Kilkis": [
        40.990660554392974,
        22.87570807600771
    ],
    "Konitsa": [
        40.05962666536191,
        20.733372899966845
    ],
    "Kos": [
        36.85248114414557,
        27.228892044478616
    ],
    "Kozani": [
        40.30224449405656,
        21.79364300779031
    ],
    "Kythira": [
        36.246526313827914,
        22.986454585687405
    ],
    "Kythnos": [
        37.39231040529914,
        24.414452131993595
    ],
    "Lebanon": [
        34.193433632600595,
        35.771090724922296
    ],
    "Lefkada": [
        38.7332444237949,
        20.64198275053985
    ],
    "Lemnos": [
        39.91340211415133,
        25.23051010491704
    ],
    "Leros": [
        37.14755671861759,
        26.843283690546272
    ],
    "Lesbos": [
        39.23867882632123,
        26.256429816602346
    ],
    "Macedonia": [
        40.910884328073564,
        23.22153108200181
    ],
    "Mesologgi": [
        38.387336454795125,
        21.45891698692964
    ],
    "Metsovo": [
        39.77279687831799,
        21.180210833893486
    ],
    "Mykonos": [
        37.45388585367811,
        25.385311544759357
    ],
    "Napoli": [
        40.845913556533304,
        14.37850288479722
    ],
    "Naxos": [
        37.05683517815581,
        25.50612611053723
    ],
    "Nisyros": [
        36.591136027022735,
        27.170028261210852
    ],
    "Oinousses": [
        38.521245283255524,
        26.234145011851098
    ],
    "Paros": [
        37.059547738452586,
        25.18271237956369
    ],
    "Peloponnese": [
        37.200485993306756,
        22.362045452582027
    ],
    "Pogoni": [
        39.957398151152326,
        20.502372173521454
    ],
    "Poli": [
        41.01536713612946,
        29.015778607989805
    ],
    "Pontus": [
        40.98830222241354,
        39.727075504282254
    ],
    "Preveza": [
        38.9756137452637,
        20.740179056641786
    ],
    "Rhodes": [
        36.2575388880633,
        28.015701472634944
    ],
    "Romania": [
        44.37315771875794,
        25.424802192291242
    ],
    "Samos": [
        37.740408557878254,
        26.8494581451878
    ],
    "Samothrace": [
        40.45252632651164,
        25.57768832151578
    ],
    "Serifos": [
        37.158536663506524,
        24.489207852443233
    ],
    "Serres": [
        41.08508489943737,
        23.557964014071484
    ],
    "Sifnos": [
        36.983851358131275,
        24.709400725229422
    ],
    "Skyros": [
        38.84362114459277,
        24.595843955324238
    ],
    "Smyrni": [
        38.40759370339183,
        27.149200099431013
    ],
    "Southern-Italy": [
        37.4956965444923,
        14.488217381442661
    ],
    "Syrrako": [
        39.59709819947839,
        21.123307489736774
    ],
    "Thessaloniki": [
        40.62282153764636,
        22.96295173349486
    ],
    "Thessaly": [
        39.57905217840133,
        22.421756857721853
    ],
    "Thrace": [
        40.99020017616846,
        26.004757197151037
    ],
    "Trikala": [
        39.59602373089152,
        21.81491920433807
    ],
    "Turkey": [
        39.67514772040062,
        32.57490915562928
    ],
    "Tzoumerka": [
        39.55169755959794,
        20.976335888468483
    ],
    "West-Crete": [
        35.37370218378025,
        23.868071426508525
    ],
    "Zagori": [
        39.86483576229186,
        20.928467851900137
    ],
    "Zakynthos": [
        37.772294002104616,
        20.76145558128207
    ]
}